file,line,type,commit,author,date,time,timezone,datetime,depth,length
style.css,1,css,fdba240f,hserykava,2025-05-02,23:16:40,-07:00,2025-05-02T23:16:40-07:00,0,5
style.css,2,css,fdba240f,hserykava,2025-05-02,23:16:40,-07:00,2025-05-02T23:16:40-07:00,0,24
style.css,3,css,2d7f3183,hserykava,2025-04-18,22:38:13,-07:00,2025-04-18T22:38:13-07:00,0,0
style.css,4,css,a036c3ce,hserykava,2025-04-04,23:26:33,-07:00,2025-04-04T23:26:33-07:00,0,5
style.css,5,css,1d7beed2,hserykava,2025-04-12,18:32:00,-07:00,2025-04-12T18:32:00-07:00,0,24
style.css,6,css,1d7beed2,hserykava,2025-04-12,18:32:00,-07:00,2025-04-12T18:32:00-07:00,0,16
style.css,7,css,1d7beed2,hserykava,2025-04-12,18:32:00,-07:00,2025-04-12T18:32:00-07:00,0,19
style.css,8,css,626b0a5e,hserykava,2025-04-18,23:20:54,-07:00,2025-04-18T23:20:54-07:00,0,24
style.css,9,css,626b0a5e,hserykava,2025-04-18,23:20:54,-07:00,2025-04-18T23:20:54-07:00,0,17
style.css,10,css,1d7beed2,hserykava,2025-04-12,18:32:00,-07:00,2025-04-12T18:32:00-07:00,0,0
style.css,11,css,a666b968,hserykava,2025-04-18,23:04:41,-07:00,2025-04-18T23:04:41-07:00,0,14
style.css,12,css,a666b968,hserykava,2025-04-18,23:04:41,-07:00,2025-04-18T23:04:41-07:00,0,18
style.css,13,css,a666b968,hserykava,2025-04-18,23:04:41,-07:00,2025-04-18T23:04:41-07:00,0,9
style.css,14,css,a666b968,hserykava,2025-04-18,23:04:41,-07:00,2025-04-18T23:04:41-07:00,0,11
style.css,15,css,a666b968,hserykava,2025-04-18,23:04:41,-07:00,2025-04-18T23:04:41-07:00,0,14
style.css,16,css,a666b968,hserykava,2025-04-18,23:04:41,-07:00,2025-04-18T23:04:41-07:00,0,20
style.css,17,css,45ed1b7e,hserykava,2025-04-18,23:18:44,-07:00,2025-04-18T23:18:44-07:00,0,29
style.css,18,css,45ed1b7e,hserykava,2025-04-18,23:18:44,-07:00,2025-04-18T23:18:44-07:00,0,14
style.css,19,css,45ed1b7e,hserykava,2025-04-18,23:18:44,-07:00,2025-04-18T23:18:44-07:00,0,13
style.css,20,css,a666b968,hserykava,2025-04-18,23:04:41,-07:00,2025-04-18T23:04:41-07:00,0,0
style.css,21,css,1e784102,hserykava,2025-05-02,23:15:28,-07:00,2025-05-02T23:15:28-07:00,0,6
style.css,22,css,1e784102,hserykava,2025-05-02,23:15:28,-07:00,2025-05-02T23:15:28-07:00,0,7
style.css,23,css,96149c78,hserykava,2025-04-12,18:43:08,-07:00,2025-04-12T18:43:08-07:00,0,17
style.css,24,css,96149c78,hserykava,2025-04-12,18:43:08,-07:00,2025-04-12T18:43:08-07:00,0,0
style.css,25,css,96149c78,hserykava,2025-04-12,18:43:08,-07:00,2025-04-12T18:43:08-07:00,0,4
style.css,26,css,96149c78,hserykava,2025-04-12,18:43:08,-07:00,2025-04-12T18:43:08-07:00,0,13
style.css,27,css,96149c78,hserykava,2025-04-12,18:43:08,-07:00,2025-04-12T18:43:08-07:00,0,0
style.css,28,css,731e1fac,hserykava,2025-04-12,21:05:09,-07:00,2025-04-12T21:05:09-07:00,0,6
style.css,29,css,16cb376a,hserykava,2025-04-12,21:19:54,-07:00,2025-04-12T21:19:54-07:00,0,21
style.css,30,css,16cb376a,hserykava,2025-04-12,21:19:54,-07:00,2025-04-12T21:19:54-07:00,0,14
style.css,31,css,16cb376a,hserykava,2025-04-12,21:19:54,-07:00,2025-04-12T21:19:54-07:00,0,18
style.css,32,css,1e784102,hserykava,2025-05-02,23:15:28,-07:00,2025-05-02T23:15:28-07:00,0,14
style.css,33,css,731e1fac,hserykava,2025-04-12,21:05:09,-07:00,2025-04-12T21:05:09-07:00,0,7
style.css,34,css,731e1fac,hserykava,2025-04-12,21:05:09,-07:00,2025-04-12T21:05:09-07:00,0,0
style.css,35,css,1e784102,hserykava,2025-05-02,23:15:28,-07:00,2025-05-02T23:15:28-07:00,0,4
style.css,36,css,1e784102,hserykava,2025-05-02,23:15:28,-07:00,2025-05-02T23:15:28-07:00,0,18
style.css,37,css,1e784102,hserykava,2025-05-02,23:15:28,-07:00,2025-05-02T23:15:28-07:00,0,42
style.css,38,css,1e784102,hserykava,2025-05-02,23:15:28,-07:00,2025-05-02T23:15:28-07:00,0,0
style.css,39,css,73a44cd2,hserykava,2025-04-12,21:23:36,-07:00,2025-04-12T21:23:36-07:00,0,0
style.css,40,css,73a44cd2,hserykava,2025-04-12,21:23:36,-07:00,2025-04-12T21:23:36-07:00,0,14
style.css,41,css,73a44cd2,hserykava,2025-04-12,21:23:36,-07:00,2025-04-12T21:23:36-07:00,0,44
style.css,42,css,73a44cd2,hserykava,2025-04-12,21:23:36,-07:00,2025-04-12T21:23:36-07:00,0,21
style.css,43,css,73a44cd2,hserykava,2025-04-12,21:23:36,-07:00,2025-04-12T21:23:36-07:00,0,0
style.css,44,css,1e784102,hserykava,2025-05-02,23:15:28,-07:00,2025-05-02T23:15:28-07:00,0,5
style.css,45,css,1e784102,hserykava,2025-05-02,23:15:28,-07:00,2025-05-02T23:15:28-07:00,0,35
style.css,46,css,1e784102,hserykava,2025-05-02,23:15:28,-07:00,2025-05-02T23:15:28-07:00,0,33
style.css,47,css,1e784102,hserykava,2025-05-02,23:15:28,-07:00,2025-05-02T23:15:28-07:00,0,0
style.css,48,css,d97a6c65,hserykava,2025-04-12,21:38:47,-07:00,2025-04-12T21:38:47-07:00,0,0
style.css,49,css,d97a6c65,hserykava,2025-04-12,21:38:47,-07:00,2025-04-12T21:38:47-07:00,0,12
style.css,50,css,d97a6c65,hserykava,2025-04-12,21:38:47,-07:00,2025-04-12T21:38:47-07:00,0,46
style.css,51,css,2116af2e,hserykava,2025-04-18,22:56:08,-07:00,2025-04-18T22:56:08-07:00,0,70
style.css,52,css,d97a6c65,hserykava,2025-04-12,21:38:47,-07:00,2025-04-12T21:38:47-07:00,0,0
style.css,53,css,5bb7288d,hserykava,2025-04-12,22:24:51,-07:00,2025-04-12T22:24:51-07:00,0,5
style.css,54,css,5bb7288d,hserykava,2025-04-12,22:24:51,-07:00,2025-04-12T22:24:51-07:00,0,13
style.css,55,css,5bb7288d,hserykava,2025-04-12,22:24:51,-07:00,2025-04-12T22:24:51-07:00,0,36
style.css,56,css,5bb7288d,hserykava,2025-04-12,22:24:51,-07:00,2025-04-12T22:24:51-07:00,0,8
style.css,57,css,ae11cbe7,hserykava,2025-04-12,21:51:17,-07:00,2025-04-12T21:51:17-07:00,0,0
style.css,58,css,ae11cbe7,hserykava,2025-04-12,21:51:17,-07:00,2025-04-12T21:51:17-07:00,0,6
style.css,59,css,5bb7288d,hserykava,2025-04-12,22:24:51,-07:00,2025-04-12T22:24:51-07:00,0,13
style.css,60,css,5bb7288d,hserykava,2025-04-12,22:24:51,-07:00,2025-04-12T22:24:51-07:00,0,30
style.css,61,css,5bb7288d,hserykava,2025-04-12,22:24:51,-07:00,2025-04-12T22:24:51-07:00,0,19
style.css,62,css,5bb7288d,hserykava,2025-04-12,22:24:51,-07:00,2025-04-12T22:24:51-07:00,0,0
style.css,63,css,118cf9c3,hserykava,2025-04-12,22:31:31,-07:00,2025-04-12T22:31:31-07:00,0,5
style.css,64,css,118cf9c3,hserykava,2025-04-12,22:31:31,-07:00,2025-04-12T22:31:31-07:00,0,8
style.css,65,css,118cf9c3,hserykava,2025-04-12,22:31:31,-07:00,2025-04-12T22:31:31-07:00,0,7
style.css,66,css,118cf9c3,hserykava,2025-04-12,22:31:31,-07:00,2025-04-12T22:31:31-07:00,0,13
style.css,67,css,118cf9c3,hserykava,2025-04-12,22:31:31,-07:00,2025-04-12T22:31:31-07:00,0,11
style.css,68,css,118cf9c3,hserykava,2025-04-12,22:31:31,-07:00,2025-04-12T22:31:31-07:00,0,22
style.css,69,css,118cf9c3,hserykava,2025-04-12,22:31:31,-07:00,2025-04-12T22:31:31-07:00,0,0
style.css,70,css,5bb7288d,hserykava,2025-04-12,22:24:51,-07:00,2025-04-12T22:24:51-07:00,0,7
style.css,71,css,5bb7288d,hserykava,2025-04-12,22:24:51,-07:00,2025-04-12T22:24:51-07:00,0,19
style.css,72,css,ae11cbe7,hserykava,2025-04-12,21:51:17,-07:00,2025-04-12T21:51:17-07:00,0,0
style.css,73,css,ee5070d1,hserykava,2025-04-12,22:57:48,-07:00,2025-04-12T22:57:48-07:00,0,10
style.css,74,css,ee5070d1,hserykava,2025-04-12,22:57:48,-07:00,2025-04-12T22:57:48-07:00,0,13
style.css,75,css,ee5070d1,hserykava,2025-04-12,22:57:48,-07:00,2025-04-12T22:57:48-07:00,0,59
style.css,76,css,ee5070d1,hserykava,2025-04-12,22:57:48,-07:00,2025-04-12T22:57:48-07:00,0,0
style.css,77,css,b21d2aca,hserykava,2025-04-12,23:04:10,-07:00,2025-04-12T23:04:10-07:00,0,18
style.css,78,css,5c140397,hserykava,2025-05-02,23:22:04,-07:00,2025-05-02T23:22:04-07:00,0,13
style.css,79,css,5c140397,hserykava,2025-05-02,23:22:04,-07:00,2025-05-02T23:22:04-07:00,0,22
style.css,80,css,b21d2aca,hserykava,2025-04-12,23:04:10,-07:00,2025-04-12T23:04:10-07:00,0,8
style.css,81,css,b21d2aca,hserykava,2025-04-12,23:04:10,-07:00,2025-04-12T23:04:10-07:00,0,0
style.css,82,css,b21d2aca,hserykava,2025-04-12,23:04:10,-07:00,2025-04-12T23:04:10-07:00,0,0
style.css,83,css,b21d2aca,hserykava,2025-04-12,23:04:10,-07:00,2025-04-12T23:04:10-07:00,0,21
style.css,84,css,1e784102,hserykava,2025-05-02,23:15:28,-07:00,2025-05-02T23:15:28-07:00,0,9
style.css,85,css,b21d2aca,hserykava,2025-04-12,23:04:10,-07:00,2025-04-12T23:04:10-07:00,0,0
style.css,86,css,ba79439c,hserykava,2025-04-12,23:08:25,-07:00,2025-04-12T23:08:25-07:00,0,3
style.css,87,css,ba79439c,hserykava,2025-04-12,23:08:25,-07:00,2025-04-12T23:08:25-07:00,0,15
style.css,88,css,ba79439c,hserykava,2025-04-12,23:08:25,-07:00,2025-04-12T23:08:25-07:00,0,0
style.css,89,css,ba79439c,hserykava,2025-04-12,23:08:25,-07:00,2025-04-12T23:08:25-07:00,0,23
style.css,90,css,ba79439c,hserykava,2025-04-12,23:08:25,-07:00,2025-04-12T23:08:25-07:00,0,16
style.css,91,css,ba79439c,hserykava,2025-04-12,23:08:25,-07:00,2025-04-12T23:08:25-07:00,0,18
style.css,92,css,ba79439c,hserykava,2025-04-12,23:08:25,-07:00,2025-04-12T23:08:25-07:00,0,0
style.css,93,css,46fd2bf5,hserykava,2025-04-12,23:37:25,-07:00,2025-04-12T23:37:25-07:00,0,15
style.css,94,css,46fd2bf5,hserykava,2025-04-12,23:37:25,-07:00,2025-04-12T23:37:25-07:00,0,17
style.css,95,css,46fd2bf5,hserykava,2025-04-12,23:37:25,-07:00,2025-04-12T23:37:25-07:00,0,18
style.css,96,css,46fd2bf5,hserykava,2025-04-12,23:37:25,-07:00,2025-04-12T23:37:25-07:00,0,19
style.css,97,css,46fd2bf5,hserykava,2025-04-12,23:37:25,-07:00,2025-04-12T23:37:25-07:00,0,0
style.css,98,css,46fd2bf5,hserykava,2025-04-12,23:37:25,-07:00,2025-04-12T23:37:25-07:00,0,0
style.css,99,css,46fd2bf5,hserykava,2025-04-12,23:37:25,-07:00,2025-04-12T23:37:25-07:00,0,20
style.css,100,css,46fd2bf5,hserykava,2025-04-12,23:37:25,-07:00,2025-04-12T23:37:25-07:00,0,20
style.css,101,css,46fd2bf5,hserykava,2025-04-12,23:37:25,-07:00,2025-04-12T23:37:25-07:00,0,44
style.css,102,css,46fd2bf5,hserykava,2025-04-12,23:37:25,-07:00,2025-04-12T23:37:25-07:00,0,19
style.css,103,css,46fd2bf5,hserykava,2025-04-12,23:37:25,-07:00,2025-04-12T23:37:25-07:00,0,0
style.css,104,css,46fd2bf5,hserykava,2025-04-12,23:37:25,-07:00,2025-04-12T23:37:25-07:00,0,0
style.css,105,css,46fd2bf5,hserykava,2025-04-12,23:37:25,-07:00,2025-04-12T23:37:25-07:00,0,15
style.css,106,css,46fd2bf5,hserykava,2025-04-12,23:37:25,-07:00,2025-04-12T23:37:25-07:00,0,17
style.css,107,css,46fd2bf5,hserykava,2025-04-12,23:37:25,-07:00,2025-04-12T23:37:25-07:00,0,26
style.css,108,css,46fd2bf5,hserykava,2025-04-12,23:37:25,-07:00,2025-04-12T23:37:25-07:00,0,42
style.css,109,css,46fd2bf5,hserykava,2025-04-12,23:37:25,-07:00,2025-04-12T23:37:25-07:00,0,19
style.css,110,css,46fd2bf5,hserykava,2025-04-12,23:37:25,-07:00,2025-04-12T23:37:25-07:00,0,0
style.css,111,css,46fd2bf5,hserykava,2025-04-12,23:37:25,-07:00,2025-04-12T23:37:25-07:00,0,0
style.css,112,css,46fd2bf5,hserykava,2025-04-12,23:37:25,-07:00,2025-04-12T23:37:25-07:00,0,23
style.css,113,css,46fd2bf5,hserykava,2025-04-12,23:37:25,-07:00,2025-04-12T23:37:25-07:00,0,15
style.css,114,css,46fd2bf5,hserykava,2025-04-12,23:37:25,-07:00,2025-04-12T23:37:25-07:00,0,17
style.css,115,css,46fd2bf5,hserykava,2025-04-12,23:37:25,-07:00,2025-04-12T23:37:25-07:00,0,17
style.css,116,css,46fd2bf5,hserykava,2025-04-12,23:37:25,-07:00,2025-04-12T23:37:25-07:00,0,0
style.css,117,css,1e784102,hserykava,2025-05-02,23:15:28,-07:00,2025-05-02T23:15:28-07:00,0,16
style.css,118,css,1e784102,hserykava,2025-05-02,23:15:28,-07:00,2025-05-02T23:15:28-07:00,0,17
style.css,119,css,1e784102,hserykava,2025-05-02,23:15:28,-07:00,2025-05-02T23:15:28-07:00,0,17
style.css,120,css,1e784102,hserykava,2025-05-02,23:15:28,-07:00,2025-05-02T23:15:28-07:00,0,0
style.css,121,css,8d14fe9f,hserykava,2025-04-25,19:42:42,-07:00,2025-04-25T19:42:42-07:00,0,15
style.css,122,css,8d14fe9f,hserykava,2025-04-25,19:42:42,-07:00,2025-04-25T19:42:42-07:00,0,16
style.css,123,css,8d14fe9f,hserykava,2025-04-25,19:42:42,-07:00,2025-04-25T19:42:42-07:00,0,0
style.css,124,css,8d14fe9f,hserykava,2025-04-25,19:42:42,-07:00,2025-04-25T19:42:42-07:00,0,0
style.css,125,css,8d14fe9f,hserykava,2025-04-25,19:42:42,-07:00,2025-04-25T19:42:42-07:00,0,18
style.css,126,css,8d14fe9f,hserykava,2025-04-25,19:42:42,-07:00,2025-04-25T19:42:42-07:00,0,13
style.css,127,css,8d14fe9f,hserykava,2025-04-25,19:42:42,-07:00,2025-04-25T19:42:42-07:00,0,37
style.css,128,css,8d14fe9f,hserykava,2025-04-25,19:42:42,-07:00,2025-04-25T19:42:42-07:00,0,18
style.css,129,css,8d14fe9f,hserykava,2025-04-25,19:42:42,-07:00,2025-04-25T19:42:42-07:00,0,18
style.css,130,css,8d14fe9f,hserykava,2025-04-25,19:42:42,-07:00,2025-04-25T19:42:42-07:00,0,0
style.css,131,css,8d14fe9f,hserykava,2025-04-25,19:42:42,-07:00,2025-04-25T19:42:42-07:00,0,0
style.css,132,css,8d14fe9f,hserykava,2025-04-25,19:42:42,-07:00,2025-04-25T19:42:42-07:00,0,18
style.css,133,css,8d14fe9f,hserykava,2025-04-25,19:42:42,-07:00,2025-04-25T19:42:42-07:00,0,17
style.css,134,css,8d14fe9f,hserykava,2025-04-25,19:42:42,-07:00,2025-04-25T19:42:42-07:00,0,25
style.css,135,css,8d14fe9f,hserykava,2025-04-25,19:42:42,-07:00,2025-04-25T19:42:42-07:00,0,17
style.css,136,css,8d14fe9f,hserykava,2025-04-25,19:42:42,-07:00,2025-04-25T19:42:42-07:00,0,22
style.css,137,css,8d14fe9f,hserykava,2025-04-25,19:42:42,-07:00,2025-04-25T19:42:42-07:00,0,11
style.css,138,css,8d14fe9f,hserykava,2025-04-25,19:42:42,-07:00,2025-04-25T19:42:42-07:00,0,0
style.css,139,css,8d14fe9f,hserykava,2025-04-25,19:42:42,-07:00,2025-04-25T19:42:42-07:00,0,0
style.css,140,css,8d14fe9f,hserykava,2025-04-25,19:42:42,-07:00,2025-04-25T19:42:42-07:00,0,18
style.css,141,css,8d14fe9f,hserykava,2025-04-25,19:42:42,-07:00,2025-04-25T19:42:42-07:00,0,15
style.css,142,css,8d14fe9f,hserykava,2025-04-25,19:42:42,-07:00,2025-04-25T19:42:42-07:00,0,17
style.css,143,css,8d14fe9f,hserykava,2025-04-25,19:42:42,-07:00,2025-04-25T19:42:42-07:00,0,9
style.css,144,css,8d14fe9f,hserykava,2025-04-25,19:42:42,-07:00,2025-04-25T19:42:42-07:00,0,11
style.css,145,css,8d14fe9f,hserykava,2025-04-25,19:42:42,-07:00,2025-04-25T19:42:42-07:00,0,0
style.css,146,css,1e784102,hserykava,2025-05-02,23:15:28,-07:00,2025-05-02T23:15:28-07:00,0,19
style.css,147,css,c1306090,hserykava,2025-05-02,19:47:25,-07:00,2025-05-02T19:47:25-07:00,0,15
style.css,148,css,c1306090,hserykava,2025-05-02,19:47:25,-07:00,2025-05-02T19:47:25-07:00,0,17
style.css,149,css,c1306090,hserykava,2025-05-02,19:47:25,-07:00,2025-05-02T19:47:25-07:00,0,17
style.css,150,css,c1306090,hserykava,2025-05-02,19:47:25,-07:00,2025-05-02T19:47:25-07:00,0,0
style.css,151,css,1e784102,hserykava,2025-05-02,23:15:28,-07:00,2025-05-02T23:15:28-07:00,0,15
style.css,152,css,03de256c,hserykava,2025-05-02,21:23:34,-07:00,2025-05-02T21:23:34-07:00,0,15
style.css,153,css,1e784102,hserykava,2025-05-02,23:15:28,-07:00,2025-05-02T23:15:28-07:00,0,17
style.css,154,css,1e784102,hserykava,2025-05-02,23:15:28,-07:00,2025-05-02T23:15:28-07:00,0,17
style.css,155,css,03de256c,hserykava,2025-05-02,21:23:34,-07:00,2025-05-02T21:23:34-07:00,0,0
style.css,156,css,0e744301,hserykava,2025-05-02,21:55:03,-07:00,2025-05-02T21:55:03-07:00,0,8
style.css,157,css,0e744301,hserykava,2025-05-02,21:55:03,-07:00,2025-05-02T21:55:03-07:00,0,13
style.css,158,css,0e744301,hserykava,2025-05-02,21:55:03,-07:00,2025-05-02T21:55:03-07:00,0,58
style.css,159,css,0e744301,hserykava,2025-05-02,21:55:03,-07:00,2025-05-02T21:55:03-07:00,0,10
style.css,160,css,0e744301,hserykava,2025-05-02,21:55:03,-07:00,2025-05-02T21:55:03-07:00,0,12
style.css,161,css,0e744301,hserykava,2025-05-02,21:55:03,-07:00,2025-05-02T21:55:03-07:00,0,22
style.css,162,css,0e744301,hserykava,2025-05-02,21:55:03,-07:00,2025-05-02T21:55:03-07:00,0,15
style.css,163,css,0e744301,hserykava,2025-05-02,21:55:03,-07:00,2025-05-02T21:55:03-07:00,0,0
style.css,164,css,0e744301,hserykava,2025-05-02,21:55:03,-07:00,2025-05-02T21:55:03-07:00,0,0
style.css,165,css,0e744301,hserykava,2025-05-02,21:55:03,-07:00,2025-05-02T21:55:03-07:00,0,13
style.css,166,css,0e744301,hserykava,2025-05-02,21:55:03,-07:00,2025-05-02T21:55:03-07:00,0,13
style.css,167,css,0e744301,hserykava,2025-05-02,21:55:03,-07:00,2025-05-02T21:55:03-07:00,0,19
style.css,168,css,0e744301,hserykava,2025-05-02,21:55:03,-07:00,2025-05-02T21:55:03-07:00,0,10
style.css,169,css,0e744301,hserykava,2025-05-02,21:55:03,-07:00,2025-05-02T21:55:03-07:00,0,0
style.css,170,css,0e744301,hserykava,2025-05-02,21:55:03,-07:00,2025-05-02T21:55:03-07:00,0,0
style.css,171,css,0e744301,hserykava,2025-05-02,21:55:03,-07:00,2025-05-02T21:55:03-07:00,0,8
style.css,172,css,0e744301,hserykava,2025-05-02,21:55:03,-07:00,2025-05-02T21:55:03-07:00,0,10
style.css,173,css,0e744301,hserykava,2025-05-02,21:55:03,-07:00,2025-05-02T21:55:03-07:00,0,11
style.css,174,css,0e744301,hserykava,2025-05-02,21:55:03,-07:00,2025-05-02T21:55:03-07:00,0,30
style.css,175,css,0e744301,hserykava,2025-05-02,21:55:03,-07:00,2025-05-02T21:55:03-07:00,0,21
style.css,176,css,f6b9875b,hserykava,2025-05-02,21:59:26,-07:00,2025-05-02T21:59:26-07:00,0,18
style.css,177,css,0e744301,hserykava,2025-05-02,21:55:03,-07:00,2025-05-02T21:55:03-07:00,0,0
style.css,178,css,1e784102,hserykava,2025-05-02,23:15:28,-07:00,2025-05-02T23:15:28-07:00,0,11
style.css,179,css,1e784102,hserykava,2025-05-02,23:15:28,-07:00,2025-05-02T23:15:28-07:00,0,13
style.css,180,css,1e784102,hserykava,2025-05-02,23:15:28,-07:00,2025-05-02T23:15:28-07:00,0,19
style.css,181,css,1e784102,hserykava,2025-05-02,23:15:28,-07:00,2025-05-02T23:15:28-07:00,0,9
style.css,182,css,1e784102,hserykava,2025-05-02,23:15:28,-07:00,2025-05-02T23:15:28-07:00,0,15
style.css,183,css,1e784102,hserykava,2025-05-02,23:15:28,-07:00,2025-05-02T23:15:28-07:00,0,23
style.css,184,css,1e784102,hserykava,2025-05-02,23:15:28,-07:00,2025-05-02T23:15:28-07:00,0,17
style.css,185,css,1e784102,hserykava,2025-05-02,23:15:28,-07:00,2025-05-02T23:15:28-07:00,0,0
style.css,186,css,1e784102,hserykava,2025-05-02,23:15:28,-07:00,2025-05-02T23:15:28-07:00,0,0
style.css,187,css,1e784102,hserykava,2025-05-02,23:15:28,-07:00,2025-05-02T23:15:28-07:00,0,4
style.css,188,css,1e784102,hserykava,2025-05-02,23:15:28,-07:00,2025-05-02T23:15:28-07:00,0,15
style.css,189,css,1e784102,hserykava,2025-05-02,23:15:28,-07:00,2025-05-02T23:15:28-07:00,0,12
style.css,190,css,1e784102,hserykava,2025-05-02,23:15:28,-07:00,2025-05-02T23:15:28-07:00,0,0
style.css,191,css,1e784102,hserykava,2025-05-02,23:15:28,-07:00,2025-05-02T23:15:28-07:00,0,0
style.css,192,css,1e784102,hserykava,2025-05-02,23:15:28,-07:00,2025-05-02T23:15:28-07:00,0,8
style.css,193,css,1e784102,hserykava,2025-05-02,23:15:28,-07:00,2025-05-02T23:15:28-07:00,0,7
style.css,194,css,1e784102,hserykava,2025-05-02,23:15:28,-07:00,2025-05-02T23:15:28-07:00,0,0
style.css,195,css,8361a830,hserykava,2025-05-02,23:19:24,-07:00,2025-05-02T23:19:24-07:00,0,11
style.css,196,css,8361a830,hserykava,2025-05-02,23:19:24,-07:00,2025-05-02T23:19:24-07:00,0,14
style.css,197,css,8361a830,hserykava,2025-05-02,23:19:24,-07:00,2025-05-02T23:19:24-07:00,0,19
style.css,198,css,8361a830,hserykava,2025-05-02,23:19:24,-07:00,2025-05-02T23:19:24-07:00,0,15
style.css,199,css,8361a830,hserykava,2025-05-02,23:19:24,-07:00,2025-05-02T23:19:24-07:00,0,11
style.css,200,css,8361a830,hserykava,2025-05-02,23:19:24,-07:00,2025-05-02T23:19:24-07:00,0,16
style.css,201,css,8361a830,hserykava,2025-05-02,23:19:24,-07:00,2025-05-02T23:19:24-07:00,0,15
style.css,202,css,8361a830,hserykava,2025-05-02,23:19:24,-07:00,2025-05-02T23:19:24-07:00,0,0
style.css,203,css,d81467d5,hserykava,2025-05-02,23:31:11,-07:00,2025-05-02T23:31:11-07:00,0,10
style.css,204,css,d81467d5,hserykava,2025-05-02,23:31:11,-07:00,2025-05-02T23:31:11-07:00,0,36
style.css,205,css,4324d35e,hserykava,2025-05-02,23:27:39,-07:00,2025-05-02T23:27:39-07:00,0,0
style.css,206,css,4324d35e,hserykava,2025-05-02,23:27:39,-07:00,2025-05-02T23:27:39-07:00,0,0
style.css,207,css,4324d35e,hserykava,2025-05-02,23:27:39,-07:00,2025-05-02T23:27:39-07:00,0,5
style.css,208,css,4324d35e,hserykava,2025-05-02,23:27:39,-07:00,2025-05-02T23:27:39-07:00,0,17
style.css,209,css,d81467d5,hserykava,2025-05-02,23:31:11,-07:00,2025-05-02T23:31:11-07:00,0,15
style.css,210,css,4324d35e,hserykava,2025-05-02,23:27:39,-07:00,2025-05-02T23:27:39-07:00,0,0
style.css,211,css,4324d35e,hserykava,2025-05-02,23:27:39,-07:00,2025-05-02T23:27:39-07:00,0,0
style.css,212,css,d81467d5,hserykava,2025-05-02,23:31:11,-07:00,2025-05-02T23:31:11-07:00,0,37
style.css,213,css,d81467d5,hserykava,2025-05-02,23:31:11,-07:00,2025-05-02T23:31:11-07:00,0,12
style.css,214,css,d81467d5,hserykava,2025-05-02,23:31:11,-07:00,2025-05-02T23:31:11-07:00,0,0
resume.html,1,html,268938fb,hserykava,2025-04-04,23:52:50,-07:00,2025-04-04T23:52:50-07:00,0,14
resume.html,2,html,268938fb,hserykava,2025-04-04,23:52:50,-07:00,2025-04-04T23:52:50-07:00,0,15
resume.html,3,html,268938fb,hserykava,2025-04-04,23:52:50,-07:00,2025-04-04T23:52:50-07:00,0,5
resume.html,4,html,268938fb,hserykava,2025-04-04,23:52:50,-07:00,2025-04-04T23:52:50-07:00,0,21
resume.html,5,html,268938fb,hserykava,2025-04-04,23:52:50,-07:00,2025-04-04T23:52:50-07:00,0,37
resume.html,6,html,268938fb,hserykava,2025-04-04,23:52:50,-07:00,2025-04-04T23:52:50-07:00,0,39
resume.html,7,html,268938fb,hserykava,2025-04-04,23:52:50,-07:00,2025-04-04T23:52:50-07:00,0,6
resume.html,8,html,9810dd01,hserykava,2025-04-12,23:29:11,-07:00,2025-04-12T23:29:11-07:00,0,20
resume.html,9,html,430f9732,hserykava,2025-04-18,22:12:05,-07:00,2025-04-18T22:12:05-07:00,0,0
resume.html,10,html,268938fb,hserykava,2025-04-04,23:52:50,-07:00,2025-04-04T23:52:50-07:00,0,31
resume.html,11,html,268938fb,hserykava,2025-04-04,23:52:50,-07:00,2025-04-04T23:52:50-07:00,0,0
resume.html,12,html,268938fb,hserykava,2025-04-04,23:52:50,-07:00,2025-04-04T23:52:50-07:00,0,8
resume.html,13,html,268938fb,hserykava,2025-04-04,23:52:50,-07:00,2025-04-04T23:52:50-07:00,0,27
resume.html,14,html,b5f374ad,hserykava,2025-04-12,23:45:57,-07:00,2025-04-12T23:45:57-07:00,0,62
resume.html,15,html,b5f374ad,hserykava,2025-04-12,23:45:57,-07:00,2025-04-12T23:45:57-07:00,0,55
resume.html,16,html,268938fb,hserykava,2025-04-04,23:52:50,-07:00,2025-04-04T23:52:50-07:00,0,9
resume.html,17,html,268938fb,hserykava,2025-04-04,23:52:50,-07:00,2025-04-04T23:52:50-07:00,0,0
resume.html,18,html,268938fb,hserykava,2025-04-04,23:52:50,-07:00,2025-04-04T23:52:50-07:00,0,8
resume.html,19,html,268938fb,hserykava,2025-04-04,23:52:50,-07:00,2025-04-04T23:52:50-07:00,0,17
resume.html,20,html,6d05878f,hserykava,2025-04-12,23:47:10,-07:00,2025-04-12T23:47:10-07:00,0,110
resume.html,21,html,268938fb,hserykava,2025-04-04,23:52:50,-07:00,2025-04-04T23:52:50-07:00,0,23
resume.html,22,html,268938fb,hserykava,2025-04-04,23:52:50,-07:00,2025-04-04T23:52:50-07:00,0,9
resume.html,23,html,268938fb,hserykava,2025-04-04,23:52:50,-07:00,2025-04-04T23:52:50-07:00,0,0
resume.html,24,html,268938fb,hserykava,2025-04-04,23:52:50,-07:00,2025-04-04T23:52:50-07:00,0,8
resume.html,25,html,268938fb,hserykava,2025-04-04,23:52:50,-07:00,2025-04-04T23:52:50-07:00,0,18
resume.html,26,html,268938fb,hserykava,2025-04-04,23:52:50,-07:00,2025-04-04T23:52:50-07:00,0,8
resume.html,27,html,268938fb,hserykava,2025-04-04,23:52:50,-07:00,2025-04-04T23:52:50-07:00,0,28
resume.html,28,html,268938fb,hserykava,2025-04-04,23:52:50,-07:00,2025-04-04T23:52:50-07:00,0,23
resume.html,29,html,268938fb,hserykava,2025-04-04,23:52:50,-07:00,2025-04-04T23:52:50-07:00,0,3
resume.html,30,html,268938fb,hserykava,2025-04-04,23:52:50,-07:00,2025-04-04T23:52:50-07:00,0,30
resume.html,31,html,268938fb,hserykava,2025-04-04,23:52:50,-07:00,2025-04-04T23:52:50-07:00,0,25
resume.html,32,html,268938fb,hserykava,2025-04-04,23:52:50,-07:00,2025-04-04T23:52:50-07:00,0,4
resume.html,33,html,268938fb,hserykava,2025-04-04,23:52:50,-07:00,2025-04-04T23:52:50-07:00,0,9
resume.html,34,html,268938fb,hserykava,2025-04-04,23:52:50,-07:00,2025-04-04T23:52:50-07:00,0,9
resume.html,35,html,268938fb,hserykava,2025-04-04,23:52:50,-07:00,2025-04-04T23:52:50-07:00,0,0
resume.html,36,html,268938fb,hserykava,2025-04-04,23:52:50,-07:00,2025-04-04T23:52:50-07:00,0,8
resume.html,37,html,268938fb,hserykava,2025-04-04,23:52:50,-07:00,2025-04-04T23:52:50-07:00,0,14
resume.html,38,html,268938fb,hserykava,2025-04-04,23:52:50,-07:00,2025-04-04T23:52:50-07:00,0,3
resume.html,39,html,268938fb,hserykava,2025-04-04,23:52:50,-07:00,2025-04-04T23:52:50-07:00,0,41
resume.html,40,html,268938fb,hserykava,2025-04-04,23:52:50,-07:00,2025-04-04T23:52:50-07:00,0,4
resume.html,41,html,268938fb,hserykava,2025-04-04,23:52:50,-07:00,2025-04-04T23:52:50-07:00,0,9
resume.html,42,html,268938fb,hserykava,2025-04-04,23:52:50,-07:00,2025-04-04T23:52:50-07:00,0,0
resume.html,43,html,268938fb,hserykava,2025-04-04,23:52:50,-07:00,2025-04-04T23:52:50-07:00,0,8
resume.html,44,html,268938fb,hserykava,2025-04-04,23:52:50,-07:00,2025-04-04T23:52:50-07:00,0,34
resume.html,45,html,268938fb,hserykava,2025-04-04,23:52:50,-07:00,2025-04-04T23:52:50-07:00,0,3
resume.html,46,html,268938fb,hserykava,2025-04-04,23:52:50,-07:00,2025-04-04T23:52:50-07:00,0,42
resume.html,47,html,268938fb,hserykava,2025-04-04,23:52:50,-07:00,2025-04-04T23:52:50-07:00,0,101
resume.html,48,html,268938fb,hserykava,2025-04-04,23:52:50,-07:00,2025-04-04T23:52:50-07:00,0,44
resume.html,49,html,268938fb,hserykava,2025-04-04,23:52:50,-07:00,2025-04-04T23:52:50-07:00,0,72
resume.html,50,html,268938fb,hserykava,2025-04-04,23:52:50,-07:00,2025-04-04T23:52:50-07:00,0,76
resume.html,51,html,268938fb,hserykava,2025-04-04,23:52:50,-07:00,2025-04-04T23:52:50-07:00,0,55
resume.html,52,html,268938fb,hserykava,2025-04-04,23:52:50,-07:00,2025-04-04T23:52:50-07:00,0,34
resume.html,53,html,268938fb,hserykava,2025-04-04,23:52:50,-07:00,2025-04-04T23:52:50-07:00,0,26
resume.html,54,html,268938fb,hserykava,2025-04-04,23:52:50,-07:00,2025-04-04T23:52:50-07:00,0,27
resume.html,55,html,268938fb,hserykava,2025-04-04,23:52:50,-07:00,2025-04-04T23:52:50-07:00,0,31
resume.html,56,html,268938fb,hserykava,2025-04-04,23:52:50,-07:00,2025-04-04T23:52:50-07:00,0,4
resume.html,57,html,268938fb,hserykava,2025-04-04,23:52:50,-07:00,2025-04-04T23:52:50-07:00,0,9
resume.html,58,html,e47f4b24,hserykava,2025-04-18,20:25:17,-07:00,2025-04-18T20:25:17-07:00,0,46
resume.html,59,html,268938fb,hserykava,2025-04-04,23:52:50,-07:00,2025-04-04T23:52:50-07:00,0,0
resume.html,60,html,268938fb,hserykava,2025-04-04,23:52:50,-07:00,2025-04-04T23:52:50-07:00,0,0
resume.html,61,html,268938fb,hserykava,2025-04-04,23:52:50,-07:00,2025-04-04T23:52:50-07:00,0,6
resume.html,62,html,268938fb,hserykava,2025-04-04,23:52:50,-07:00,2025-04-04T23:52:50-07:00,0,6
index.js,1,js,75bc1a8d,hserykava,2025-04-25,19:36:00,-07:00,2025-04-25T19:36:00-07:00,0,72
index.js,2,js,2f19f83a,hserykava,2025-04-25,19:09:54,-07:00,2025-04-25T19:09:54-07:00,0,0
index.js,3,js,2f19f83a,hserykava,2025-04-25,19:09:54,-07:00,2025-04-25T19:09:54-07:00,0,55
index.js,4,js,2f19f83a,hserykava,2025-04-25,19:09:54,-07:00,2025-04-25T19:09:54-07:00,0,43
index.js,5,js,2f19f83a,hserykava,2025-04-25,19:09:54,-07:00,2025-04-25T19:09:54-07:00,0,0
index.js,6,js,2f19f83a,hserykava,2025-04-25,19:09:54,-07:00,2025-04-25T19:09:54-07:00,0,61
index.js,7,js,2f19f83a,hserykava,2025-04-25,19:09:54,-07:00,2025-04-25T19:09:54-07:00,0,55
index.js,8,js,75bc1a8d,hserykava,2025-04-25,19:36:00,-07:00,2025-04-25T19:36:00-07:00,0,0
index.js,9,js,75bc1a8d,hserykava,2025-04-25,19:36:00,-07:00,2025-04-25T19:36:00-07:00,0,53
index.js,10,js,75bc1a8d,hserykava,2025-04-25,19:36:00,-07:00,2025-04-25T19:36:00-07:00,0,61
index.js,11,js,75bc1a8d,hserykava,2025-04-25,19:36:00,-07:00,2025-04-25T19:36:00-07:00,0,0
index.js,12,js,75bc1a8d,hserykava,2025-04-25,19:36:00,-07:00,2025-04-25T19:36:00-07:00,0,18
index.js,13,js,75bc1a8d,hserykava,2025-04-25,19:36:00,-07:00,2025-04-25T19:36:00-07:00,0,25
index.js,14,js,75bc1a8d,hserykava,2025-04-25,19:36:00,-07:00,2025-04-25T19:36:00-07:00,0,3
index.js,15,js,75bc1a8d,hserykava,2025-04-25,19:36:00,-07:00,2025-04-25T19:36:00-07:00,0,56
index.js,16,js,75bc1a8d,hserykava,2025-04-25,19:36:00,-07:00,2025-04-25T19:36:00-07:00,0,56
index.js,17,js,75bc1a8d,hserykava,2025-04-25,19:36:00,-07:00,2025-04-25T19:36:00-07:00,0,50
index.js,18,js,75bc1a8d,hserykava,2025-04-25,19:36:00,-07:00,2025-04-25T19:36:00-07:00,0,50
index.js,19,js,75bc1a8d,hserykava,2025-04-25,19:36:00,-07:00,2025-04-25T19:36:00-07:00,0,4
index.js,20,js,75bc1a8d,hserykava,2025-04-25,19:36:00,-07:00,2025-04-25T19:36:00-07:00,0,1
index.js,21,js,75bc1a8d,hserykava,2025-04-25,19:36:00,-07:00,2025-04-25T19:36:00-07:00,0,0
index.html,1,html,70004450,hserykava,2025-04-04,21:22:39,-07:00,2025-04-04T21:22:39-07:00,0,14
index.html,2,html,70004450,hserykava,2025-04-04,21:22:39,-07:00,2025-04-04T21:22:39-07:00,0,15
index.html,3,html,70004450,hserykava,2025-04-04,21:22:39,-07:00,2025-04-04T21:22:39-07:00,0,5
index.html,4,html,5f2d8c11,hserykava,2025-04-25,18:57:16,-07:00,2025-04-25T18:57:16-07:00,0,21
index.html,5,html,5f2d8c11,hserykava,2025-04-25,18:57:16,-07:00,2025-04-25T18:57:16-07:00,0,57
index.html,6,html,5f2d8c11,hserykava,2025-04-25,18:57:16,-07:00,2025-04-25T18:57:16-07:00,0,39
index.html,7,html,70004450,hserykava,2025-04-04,21:22:39,-07:00,2025-04-04T21:22:39-07:00,0,6
index.html,8,html,70004450,hserykava,2025-04-04,21:22:39,-07:00,2025-04-04T21:22:39-07:00,0,5
index.html,9,html,5f2d8c11,hserykava,2025-04-25,18:57:16,-07:00,2025-04-25T18:57:16-07:00,0,22
index.html,10,html,5f2d8c11,hserykava,2025-04-25,18:57:16,-07:00,2025-04-25T18:57:16-07:00,0,93
index.html,11,html,5f2d8c11,hserykava,2025-04-25,18:57:16,-07:00,2025-04-25T18:57:16-07:00,0,91
index.html,12,html,cab65dc8,hserykava,2025-04-25,18:55:52,-07:00,2025-04-25T18:55:52-07:00,0,0
index.html,13,html,a77002a9,hserykava,2025-04-25,19:41:23,-07:00,2025-04-25T19:41:23-07:00,0,0
index.html,14,html,a77002a9,hserykava,2025-04-25,19:41:23,-07:00,2025-04-25T19:41:23-07:00,0,23
index.html,15,html,a77002a9,hserykava,2025-04-25,19:41:23,-07:00,2025-04-25T19:41:23-07:00,0,23
index.html,16,html,a77002a9,hserykava,2025-04-25,19:41:23,-07:00,2025-04-25T19:41:23-07:00,0,0
index.html,17,html,a77002a9,hserykava,2025-04-25,19:41:23,-07:00,2025-04-25T19:41:23-07:00,0,5
index.html,18,html,884e3a62,hserykava,2025-04-25,19:13:04,-07:00,2025-04-25T19:13:04-07:00,0,46
index.html,19,html,5f2d8c11,hserykava,2025-04-25,18:57:16,-07:00,2025-04-25T18:57:16-07:00,0,21
index.html,20,html,5f2d8c11,hserykava,2025-04-25,18:57:16,-07:00,2025-04-25T18:57:16-07:00,0,0
index.html,21,html,5f2d8c11,hserykava,2025-04-25,18:57:16,-07:00,2025-04-25T18:57:16-07:00,0,5
index.html,22,html,cab65dc8,hserykava,2025-04-25,18:55:52,-07:00,2025-04-25T18:55:52-07:00,0,0
index.html,23,html,5f2d8c11,hserykava,2025-04-25,18:57:16,-07:00,2025-04-25T18:57:16-07:00,0,46
index.html,24,html,5f2d8c11,hserykava,2025-04-25,18:57:16,-07:00,2025-04-25T18:57:16-07:00,0,51
index.html,25,html,70004450,hserykava,2025-04-04,21:22:39,-07:00,2025-04-04T21:22:39-07:00,0,6
index.html,26,html,5016e0d6,hserykava,2025-04-04,21:58:58,-07:00,2025-04-04T21:58:58-07:00,0,6
global.js,1,js,bdfb296e,hserykava,2025-04-18,20:29:58,-07:00,2025-04-18T20:29:58-07:00,0,26
global.js,2,js,bdfb296e,hserykava,2025-04-18,20:29:58,-07:00,2025-04-18T20:29:58-07:00,0,0
global.js,3,js,bdfb296e,hserykava,2025-04-18,20:29:58,-07:00,2025-04-18T20:29:58-07:00,0,42
global.js,4,js,bdfb296e,hserykava,2025-04-18,20:29:58,-07:00,2025-04-18T20:29:58-07:00,0,53
global.js,5,js,d746f3fe,hserykava,2025-04-18,20:40:57,-07:00,2025-04-18T20:40:57-07:00,0,0
global.js,6,js,0a686add,hserykava,2025-04-18,20:57:33,-07:00,2025-04-18T20:57:33-07:00,0,26
global.js,7,js,0b3caafd,hserykava,2025-04-18,21:04:47,-07:00,2025-04-18T21:04:47-07:00,0,31
global.js,8,js,0b3caafd,hserykava,2025-04-18,21:04:47,-07:00,2025-04-18T21:04:47-07:00,0,66
global.js,9,js,0b3caafd,hserykava,2025-04-18,21:04:47,-07:00,2025-04-18T21:04:47-07:00,0,1
global.js,10,js,7d339312,hserykava,2025-04-18,21:13:03,-07:00,2025-04-18T21:13:03-07:00,0,37
global.js,11,js,facfa810,hserykava,2025-04-18,21:39:07,-07:00,2025-04-18T21:39:07-07:00,0,12
global.js,12,js,facfa810,hserykava,2025-04-18,21:39:07,-07:00,2025-04-18T21:39:07-07:00,0,26
global.js,13,js,facfa810,hserykava,2025-04-18,21:39:07,-07:00,2025-04-18T21:39:07-07:00,0,39
global.js,14,js,facfa810,hserykava,2025-04-18,21:39:07,-07:00,2025-04-18T21:39:07-07:00,0,37
global.js,15,js,facfa810,hserykava,2025-04-18,21:39:07,-07:00,2025-04-18T21:39:07-07:00,0,39
global.js,16,js,ce47b082,hserykava,2025-05-10,16:26:00,-07:00,2025-05-10T16:26:00-07:00,0,31
global.js,17,js,cc808b48,hserykava,2025-04-18,23:48:11,-07:00,2025-04-18T23:48:11-07:00,0,55
global.js,18,js,facfa810,hserykava,2025-04-18,21:39:07,-07:00,2025-04-18T21:39:07-07:00,0,1
global.js,19,js,facfa810,hserykava,2025-04-18,21:39:07,-07:00,2025-04-18T21:39:07-07:00,0,39
global.js,20,js,facfa810,hserykava,2025-04-18,21:39:07,-07:00,2025-04-18T21:39:07-07:00,0,26
global.js,21,js,0ef175c6,hserykava,2025-04-18,23:02:25,-07:00,2025-04-18T23:02:25-07:00,0,32
global.js,22,js,0ef175c6,hserykava,2025-04-18,23:02:25,-07:00,2025-04-18T23:02:25-07:00,0,12
global.js,23,js,0ef175c6,hserykava,2025-04-18,23:02:25,-07:00,2025-04-18T23:02:25-07:00,0,0
global.js,24,js,0ef175c6,hserykava,2025-04-18,23:02:25,-07:00,2025-04-18T23:02:25-07:00,0,27
global.js,25,js,0ef175c6,hserykava,2025-04-18,23:02:25,-07:00,2025-04-18T23:02:25-07:00,0,5
global.js,26,js,0ef175c6,hserykava,2025-04-18,23:02:25,-07:00,2025-04-18T23:02:25-07:00,0,7
global.js,27,js,0ef175c6,hserykava,2025-04-18,23:02:25,-07:00,2025-04-18T23:02:25-07:00,0,34
global.js,28,js,0ef175c6,hserykava,2025-04-18,23:02:25,-07:00,2025-04-18T23:02:25-07:00,0,35
global.js,29,js,0ef175c6,hserykava,2025-04-18,23:02:25,-07:00,2025-04-18T23:02:25-07:00,0,33
global.js,30,js,0ef175c6,hserykava,2025-04-18,23:02:25,-07:00,2025-04-18T23:02:25-07:00,0,8
global.js,31,js,0ef175c6,hserykava,2025-04-18,23:02:25,-07:00,2025-04-18T23:02:25-07:00,0,7
global.js,32,js,0ef175c6,hserykava,2025-04-18,23:02:25,-07:00,2025-04-18T23:02:25-07:00,0,0
global.js,33,js,0ef175c6,hserykava,2025-04-18,23:02:25,-07:00,2025-04-18T23:02:25-07:00,0,1
global.js,34,js,5553f53c,hserykava,2025-04-18,22:06:42,-07:00,2025-04-18T22:06:42-07:00,0,16
global.js,35,js,5553f53c,hserykava,2025-04-18,22:06:42,-07:00,2025-04-18T22:06:42-07:00,0,69
global.js,36,js,5553f53c,hserykava,2025-04-18,22:06:42,-07:00,2025-04-18T22:06:42-07:00,0,4
global.js,37,js,5553f53c,hserykava,2025-04-18,22:06:42,-07:00,2025-04-18T22:06:42-07:00,0,15
global.js,38,js,5553f53c,hserykava,2025-04-18,22:06:42,-07:00,2025-04-18T22:06:42-07:00,0,0
global.js,39,js,facfa810,hserykava,2025-04-18,21:39:07,-07:00,2025-04-18T21:39:07-07:00,0,21
global.js,40,js,facfa810,hserykava,2025-04-18,21:39:07,-07:00,2025-04-18T21:39:07-07:00,0,15
global.js,41,js,facfa810,hserykava,2025-04-18,21:39:07,-07:00,2025-04-18T21:39:07-07:00,0,19
global.js,42,js,facfa810,hserykava,2025-04-18,21:39:07,-07:00,2025-04-18T21:39:07-07:00,0,29
global.js,43,js,facfa810,hserykava,2025-04-18,21:39:07,-07:00,2025-04-18T21:39:07-07:00,0,21
global.js,44,js,facfa810,hserykava,2025-04-18,21:39:07,-07:00,2025-04-18T21:39:07-07:00,0,0
global.js,45,js,3b4ff4f5,hserykava,2025-04-18,23:55:35,-07:00,2025-04-18T23:55:35-07:00,0,0
global.js,46,js,8afe2ada,hserykava,2025-04-18,22:23:43,-07:00,2025-04-18T22:23:43-07:00,0,35
global.js,47,js,8afe2ada,hserykava,2025-04-18,22:23:43,-07:00,2025-04-18T22:23:43-07:00,0,12
global.js,48,js,8afe2ada,hserykava,2025-04-18,22:23:43,-07:00,2025-04-18T22:23:43-07:00,0,21
global.js,49,js,8afe2ada,hserykava,2025-04-18,22:23:43,-07:00,2025-04-18T22:23:43-07:00,0,66
global.js,50,js,8afe2ada,hserykava,2025-04-18,22:23:43,-07:00,2025-04-18T22:23:43-07:00,0,26
global.js,51,js,8afe2ada,hserykava,2025-04-18,22:23:43,-07:00,2025-04-18T22:23:43-07:00,0,0
global.js,52,js,8afe2ada,hserykava,2025-04-18,22:23:43,-07:00,2025-04-18T22:23:43-07:00,0,30
global.js,53,js,8afe2ada,hserykava,2025-04-18,22:23:43,-07:00,2025-04-18T22:23:43-07:00,0,19
global.js,54,js,8afe2ada,hserykava,2025-04-18,22:23:43,-07:00,2025-04-18T22:23:43-07:00,0,0
global.js,55,js,3b4ff4f5,hserykava,2025-04-18,23:55:35,-07:00,2025-04-18T23:55:35-07:00,0,0
global.js,56,js,8afe2ada,hserykava,2025-04-18,22:23:43,-07:00,2025-04-18T22:23:43-07:00,0,13
global.js,57,js,8afe2ada,hserykava,2025-04-18,22:23:43,-07:00,2025-04-18T22:23:43-07:00,0,0
global.js,58,js,adbf31ad,hserykava,2025-04-18,23:12:02,-07:00,2025-04-18T23:12:02-07:00,0,59
global.js,59,js,adbf31ad,hserykava,2025-04-18,23:12:02,-07:00,2025-04-18T23:12:02-07:00,0,0
global.js,60,js,59da8f7b,hserykava,2025-04-18,23:15:27,-07:00,2025-04-18T23:15:27-07:00,0,35
global.js,61,js,59da8f7b,hserykava,2025-04-18,23:15:27,-07:00,2025-04-18T23:15:27-07:00,0,39
global.js,62,js,59da8f7b,hserykava,2025-04-18,23:15:27,-07:00,2025-04-18T23:15:27-07:00,0,84
global.js,63,js,59da8f7b,hserykava,2025-04-18,23:15:27,-07:00,2025-04-18T23:15:27-07:00,0,0
global.js,64,js,59da8f7b,hserykava,2025-04-18,23:15:27,-07:00,2025-04-18T23:15:27-07:00,0,0
global.js,65,js,adbf31ad,hserykava,2025-04-18,23:12:02,-07:00,2025-04-18T23:12:02-07:00,0,50
global.js,66,js,59da8f7b,hserykava,2025-04-18,23:15:27,-07:00,2025-04-18T23:15:27-07:00,0,32
global.js,67,js,59da8f7b,hserykava,2025-04-18,23:15:27,-07:00,2025-04-18T23:15:27-07:00,0,32
global.js,68,js,59da8f7b,hserykava,2025-04-18,23:15:27,-07:00,2025-04-18T23:15:27-07:00,0,65
global.js,69,js,adbf31ad,hserykava,2025-04-18,23:12:02,-07:00,2025-04-18T23:12:02-07:00,0,2
global.js,70,js,53b9ccba,hserykava,2025-04-25,18:03:32,-07:00,2025-04-25T18:03:32-07:00,0,37
global.js,71,js,53b9ccba,hserykava,2025-04-25,18:03:32,-07:00,2025-04-25T18:03:32-07:00,0,4
global.js,72,js,53b9ccba,hserykava,2025-04-25,18:03:32,-07:00,2025-04-25T18:03:32-07:00,0,33
global.js,73,js,53b9ccba,hserykava,2025-04-25,18:03:32,-07:00,2025-04-25T18:03:32-07:00,0,18
global.js,74,js,53b9ccba,hserykava,2025-04-25,18:03:32,-07:00,2025-04-25T18:03:32-07:00,0,67
global.js,75,js,53b9ccba,hserykava,2025-04-25,18:03:32,-07:00,2025-04-25T18:03:32-07:00,0,0
global.js,76,js,53b9ccba,hserykava,2025-04-25,18:03:32,-07:00,2025-04-25T18:03:32-07:00,0,34
global.js,77,js,53b9ccba,hserykava,2025-04-25,18:03:32,-07:00,2025-04-25T18:03:32-07:00,0,11
global.js,78,js,53b9ccba,hserykava,2025-04-25,18:03:32,-07:00,2025-04-25T18:03:32-07:00,0,16
global.js,79,js,53b9ccba,hserykava,2025-04-25,18:03:32,-07:00,2025-04-25T18:03:32-07:00,0,60
global.js,80,js,53b9ccba,hserykava,2025-04-25,18:03:32,-07:00,2025-04-25T18:03:32-07:00,0,0
global.js,81,js,53b9ccba,hserykava,2025-04-25,18:03:32,-07:00,2025-04-25T18:03:32-07:00,0,0
global.js,82,js,8ddb8af4,hserykava,2025-04-25,18:17:07,-07:00,2025-04-25T18:17:07-07:00,0,80
global.js,83,js,8ddb8af4,hserykava,2025-04-25,18:17:07,-07:00,2025-04-25T18:17:07-07:00,0,31
global.js,84,js,8ddb8af4,hserykava,2025-04-25,18:17:07,-07:00,2025-04-25T18:17:07-07:00,0,30
global.js,85,js,8ddb8af4,hserykava,2025-04-25,18:17:07,-07:00,2025-04-25T18:17:07-07:00,0,49
global.js,86,js,8ddb8af4,hserykava,2025-04-25,18:17:07,-07:00,2025-04-25T18:17:07-07:00,0,20
global.js,87,js,8ddb8af4,hserykava,2025-04-25,18:17:07,-07:00,2025-04-25T18:17:07-07:00,0,50
global.js,88,js,8ddb8af4,hserykava,2025-04-25,18:17:07,-07:00,2025-04-25T18:17:07-07:00,0,50
global.js,89,js,8ddb8af4,hserykava,2025-04-25,18:17:07,-07:00,2025-04-25T18:17:07-07:00,0,28
global.js,90,js,668a359d,hserykava,2025-05-02,18:57:54,-07:00,2025-05-02T18:57:54-07:00,0,45
global.js,91,js,8ddb8af4,hserykava,2025-04-25,18:17:07,-07:00,2025-04-25T18:17:07-07:00,0,1
global.js,92,js,8ddb8af4,hserykava,2025-04-25,18:17:07,-07:00,2025-04-25T18:17:07-07:00,0,37
global.js,93,js,8ddb8af4,hserykava,2025-04-25,18:17:07,-07:00,2025-04-25T18:17:07-07:00,0,0
global.js,94,js,8ddb8af4,hserykava,2025-04-25,18:17:07,-07:00,2025-04-25T18:17:07-07:00,0,0
global.js,95,js,b4a9fb73,hserykava,2025-04-25,19:29:21,-07:00,2025-04-25T19:29:21-07:00,0,48
global.js,96,js,a0c9ec38,hserykava,2025-04-25,19:33:11,-07:00,2025-04-25T19:33:11-07:00,0,60
global.js,97,js,b4a9fb73,hserykava,2025-04-25,19:29:21,-07:00,2025-04-25T19:29:21-07:00,0,0
projects/projects.js,1,js,4e27a871,hserykava,2025-05-02,20:55:20,-07:00,2025-05-02T20:55:20-07:00,0,64
projects/projects.js,2,js,d540db50,hserykava,2025-04-25,18:13:07,-07:00,2025-04-25T18:13:07-07:00,0,56
projects/projects.js,3,js,1e2db2ff,hserykava,2025-05-02,22:45:13,-07:00,2025-05-02T22:45:13-07:00,0,0
projects/projects.js,4,js,2e763775,hserykava,2025-05-02,22:36:58,-07:00,2025-05-02T22:36:58-07:00,0,14
projects/projects.js,5,js,2de72b8c,hserykava,2025-05-02,23:30:36,-07:00,2025-05-02T23:30:36-07:00,0,22
projects/projects.js,6,js,77c78afd,hserykava,2025-05-02,22:42:29,-07:00,2025-05-02T22:42:29-07:00,0,56
projects/projects.js,7,js,d540db50,hserykava,2025-04-25,18:13:07,-07:00,2025-04-25T18:13:07-07:00,0,56
projects/projects.js,8,js,d540db50,hserykava,2025-04-25,18:13:07,-07:00,2025-04-25T18:13:07-07:00,0,61
projects/projects.js,9,js,0021da39,hserykava,2025-05-02,22:48:58,-07:00,2025-05-02T22:48:58-07:00,0,59
projects/projects.js,10,js,4739cb3b,hserykava,2025-05-02,23:25:33,-07:00,2025-05-02T23:25:33-07:00,0,28
projects/projects.js,11,js,4739cb3b,hserykava,2025-05-02,23:25:33,-07:00,2025-05-02T23:25:33-07:00,0,44
projects/projects.js,12,js,4786436b,hserykava,2025-05-02,21:29:18,-07:00,2025-05-02T21:29:18-07:00,0,0
projects/projects.js,13,js,0021da39,hserykava,2025-05-02,22:48:58,-07:00,2025-05-02T22:48:58-07:00,0,15
projects/projects.js,14,js,0021da39,hserykava,2025-05-02,22:48:58,-07:00,2025-05-02T22:48:58-07:00,0,39
projects/projects.js,15,js,0021da39,hserykava,2025-05-02,22:48:58,-07:00,2025-05-02T22:48:58-07:00,0,0
projects/projects.js,16,js,1e2db2ff,hserykava,2025-05-02,22:45:13,-07:00,2025-05-02T22:45:13-07:00,0,0
projects/projects.js,17,js,4739cb3b,hserykava,2025-05-02,23:25:33,-07:00,2025-05-02T23:25:33-07:00,0,39
projects/projects.js,18,js,2de72b8c,hserykava,2025-05-02,23:30:36,-07:00,2025-05-02T23:30:36-07:00,0,29
projects/projects.js,19,js,4739cb3b,hserykava,2025-05-02,23:25:33,-07:00,2025-05-02T23:25:33-07:00,0,13
projects/projects.js,20,js,4739cb3b,hserykava,2025-05-02,23:25:33,-07:00,2025-05-02T23:25:33-07:00,0,13
projects/projects.js,21,js,4739cb3b,hserykava,2025-05-02,23:25:33,-07:00,2025-05-02T23:25:33-07:00,0,10
projects/projects.js,22,js,4739cb3b,hserykava,2025-05-02,23:25:33,-07:00,2025-05-02T23:25:33-07:00,0,1
projects/projects.js,23,js,4739cb3b,hserykava,2025-05-02,23:25:33,-07:00,2025-05-02T23:25:33-07:00,0,0
projects/projects.js,24,js,2de72b8c,hserykava,2025-05-02,23:30:36,-07:00,2025-05-02T23:30:36-07:00,0,48
projects/projects.js,25,js,4739cb3b,hserykava,2025-05-02,23:25:33,-07:00,2025-05-02T23:25:33-07:00,0,11
projects/projects.js,26,js,2de72b8c,hserykava,2025-05-02,23:30:36,-07:00,2025-05-02T23:30:36-07:00,0,12
projects/projects.js,27,js,4739cb3b,hserykava,2025-05-02,23:25:33,-07:00,2025-05-02T23:25:33-07:00,0,3
projects/projects.js,28,js,1e2db2ff,hserykava,2025-05-02,22:45:13,-07:00,2025-05-02T22:45:13-07:00,0,0
projects/projects.js,29,js,2de72b8c,hserykava,2025-05-02,23:30:36,-07:00,2025-05-02T23:30:36-07:00,0,50
projects/projects.js,30,js,2de72b8c,hserykava,2025-05-02,23:30:36,-07:00,2025-05-02T23:30:36-07:00,0,54
projects/projects.js,31,js,2de72b8c,hserykava,2025-05-02,23:30:36,-07:00,2025-05-02T23:30:36-07:00,0,47
projects/projects.js,32,js,2de72b8c,hserykava,2025-05-02,23:30:36,-07:00,2025-05-02T23:30:36-07:00,0,0
projects/projects.js,33,js,2de72b8c,hserykava,2025-05-02,23:30:36,-07:00,2025-05-02T23:30:36-07:00,0,30
projects/projects.js,34,js,0021da39,hserykava,2025-05-02,22:48:58,-07:00,2025-05-02T22:48:58-07:00,0,0
projects/projects.js,35,js,4739cb3b,hserykava,2025-05-02,23:25:33,-07:00,2025-05-02T23:25:33-07:00,0,20
projects/projects.js,36,js,2de72b8c,hserykava,2025-05-02,23:30:36,-07:00,2025-05-02T23:30:36-07:00,0,10
projects/projects.js,37,js,1e2db2ff,hserykava,2025-05-02,22:45:13,-07:00,2025-05-02T22:45:13-07:00,0,7
projects/projects.js,38,js,1e2db2ff,hserykava,2025-05-02,22:45:13,-07:00,2025-05-02T22:45:13-07:00,0,14
projects/projects.js,39,js,2de72b8c,hserykava,2025-05-02,23:30:36,-07:00,2025-05-02T23:30:36-07:00,0,17
projects/projects.js,40,js,2de72b8c,hserykava,2025-05-02,23:30:36,-07:00,2025-05-02T23:30:36-07:00,0,33
projects/projects.js,41,js,2de72b8c,hserykava,2025-05-02,23:30:36,-07:00,2025-05-02T23:30:36-07:00,0,62
projects/projects.js,42,js,6e063280,hserykava,2025-05-02,23:40:24,-07:00,2025-05-02T23:40:24-07:00,0,26
projects/projects.js,43,js,71975cbc,hserykava,2025-05-02,23:47:40,-07:00,2025-05-02T23:47:40-07:00,0,28
projects/projects.js,44,js,71975cbc,hserykava,2025-05-02,23:47:40,-07:00,2025-05-02T23:47:40-07:00,0,0
projects/projects.js,45,js,71975cbc,hserykava,2025-05-02,23:47:40,-07:00,2025-05-02T23:47:40-07:00,0,44
projects/projects.js,46,js,2de72b8c,hserykava,2025-05-02,23:30:36,-07:00,2025-05-02T23:30:36-07:00,0,0
projects/projects.js,47,js,71975cbc,hserykava,2025-05-02,23:47:40,-07:00,2025-05-02T23:47:40-07:00,0,0
projects/projects.js,48,js,71975cbc,hserykava,2025-05-02,23:47:40,-07:00,2025-05-02T23:47:40-07:00,0,34
projects/projects.js,49,js,71975cbc,hserykava,2025-05-02,23:47:40,-07:00,2025-05-02T23:47:40-07:00,0,0
projects/projects.js,50,js,71975cbc,hserykava,2025-05-02,23:47:40,-07:00,2025-05-02T23:47:40-07:00,0,0
projects/projects.js,51,js,bfe7a719,hserykava,2025-05-02,23:44:07,-07:00,2025-05-02T23:44:07-07:00,0,20
projects/projects.js,52,js,bfe7a719,hserykava,2025-05-02,23:44:07,-07:00,2025-05-02T23:44:07-07:00,0,67
projects/projects.js,53,js,bfe7a719,hserykava,2025-05-02,23:44:07,-07:00,2025-05-02T23:44:07-07:00,0,0
projects/projects.js,54,js,71975cbc,hserykava,2025-05-02,23:47:40,-07:00,2025-05-02T23:47:40-07:00,0,30
projects/projects.js,55,js,bfe7a719,hserykava,2025-05-02,23:44:07,-07:00,2025-05-02T23:44:07-07:00,0,90
projects/projects.js,56,js,bfe7a719,hserykava,2025-05-02,23:44:07,-07:00,2025-05-02T23:44:07-07:00,0,0
projects/projects.js,57,js,71975cbc,hserykava,2025-05-02,23:47:40,-07:00,2025-05-02T23:47:40-07:00,0,0
projects/projects.js,58,js,bfe7a719,hserykava,2025-05-02,23:44:07,-07:00,2025-05-02T23:44:07-07:00,0,26
projects/projects.js,59,js,71975cbc,hserykava,2025-05-02,23:47:40,-07:00,2025-05-02T23:47:40-07:00,0,38
projects/projects.js,60,js,bfe7a719,hserykava,2025-05-02,23:44:07,-07:00,2025-05-02T23:44:07-07:00,0,49
projects/projects.js,61,js,bfe7a719,hserykava,2025-05-02,23:44:07,-07:00,2025-05-02T23:44:07-07:00,0,7
projects/projects.js,62,js,71975cbc,hserykava,2025-05-02,23:47:40,-07:00,2025-05-02T23:47:40-07:00,0,36
projects/projects.js,63,js,71975cbc,hserykava,2025-05-02,23:47:40,-07:00,2025-05-02T23:47:40-07:00,0,25
projects/projects.js,64,js,71975cbc,hserykava,2025-05-02,23:47:40,-07:00,2025-05-02T23:47:40-07:00,0,70
projects/projects.js,65,js,71975cbc,hserykava,2025-05-02,23:47:40,-07:00,2025-05-02T23:47:40-07:00,0,1
projects/projects.js,66,js,bfe7a719,hserykava,2025-05-02,23:44:07,-07:00,2025-05-02T23:44:07-07:00,0,49
projects/projects.js,67,js,6e063280,hserykava,2025-05-02,23:40:24,-07:00,2025-05-02T23:40:24-07:00,0,0
projects/projects.js,68,js,2de72b8c,hserykava,2025-05-02,23:30:36,-07:00,2025-05-02T23:30:36-07:00,0,2
projects/projects.js,69,js,2de72b8c,hserykava,2025-05-02,23:30:36,-07:00,2025-05-02T23:30:36-07:00,0,0
projects/projects.js,70,js,bfe7a719,hserykava,2025-05-02,23:44:07,-07:00,2025-05-02T23:44:07-07:00,0,40
projects/projects.js,71,js,2de72b8c,hserykava,2025-05-02,23:30:36,-07:00,2025-05-02T23:30:36-07:00,0,23
projects/projects.js,72,js,bfe7a719,hserykava,2025-05-02,23:44:07,-07:00,2025-05-02T23:44:07-07:00,0,27
projects/projects.js,73,js,2de72b8c,hserykava,2025-05-02,23:30:36,-07:00,2025-05-02T23:30:36-07:00,0,75
projects/projects.js,74,js,1e2db2ff,hserykava,2025-05-02,22:45:13,-07:00,2025-05-02T22:45:13-07:00,0,37
projects/projects.js,75,js,2de72b8c,hserykava,2025-05-02,23:30:36,-07:00,2025-05-02T23:30:36-07:00,0,70
projects/projects.js,76,js,1e2db2ff,hserykava,2025-05-02,22:45:13,-07:00,2025-05-02T22:45:13-07:00,0,2
projects/projects.js,77,js,1e2db2ff,hserykava,2025-05-02,22:45:13,-07:00,2025-05-02T22:45:13-07:00,0,0
projects/projects.js,78,js,0021da39,hserykava,2025-05-02,22:48:58,-07:00,2025-05-02T22:48:58-07:00,0,0
projects/projects.js,79,js,4739cb3b,hserykava,2025-05-02,23:25:33,-07:00,2025-05-02T23:25:33-07:00,0,31
projects/projects.js,80,js,4739cb3b,hserykava,2025-05-02,23:25:33,-07:00,2025-05-02T23:25:33-07:00,0,34
projects/projects.js,81,js,0021da39,hserykava,2025-05-02,22:48:58,-07:00,2025-05-02T22:48:58-07:00,0,60
projects/projects.js,82,js,0021da39,hserykava,2025-05-02,22:48:58,-07:00,2025-05-02T22:48:58-07:00,0,43
projects/projects.js,83,js,0021da39,hserykava,2025-05-02,22:48:58,-07:00,2025-05-02T22:48:58-07:00,0,2
projects/projects.js,84,js,4739cb3b,hserykava,2025-05-02,23:25:33,-07:00,2025-05-02T23:25:33-07:00,0,0
projects/projects.js,85,js,0021da39,hserykava,2025-05-02,22:48:58,-07:00,2025-05-02T22:48:58-07:00,0,0
projects/projects.js,86,js,0021da39,hserykava,2025-05-02,22:48:58,-07:00,2025-05-02T22:48:58-07:00,0,0
projects/projects.js,87,js,4739cb3b,hserykava,2025-05-02,23:25:33,-07:00,2025-05-02T23:25:33-07:00,0,49
projects/projects.js,88,js,4739cb3b,hserykava,2025-05-02,23:25:33,-07:00,2025-05-02T23:25:33-07:00,0,24
projects/projects.js,89,js,4739cb3b,hserykava,2025-05-02,23:25:33,-07:00,2025-05-02T23:25:33-07:00,0,0
projects/projects.js,90,js,4739cb3b,hserykava,2025-05-02,23:25:33,-07:00,2025-05-02T23:25:33-07:00,0,0
projects/projects.js,91,js,98c7f1c5,hserykava,2025-05-02,23:35:13,-07:00,2025-05-02T23:35:13-07:00,0,49
projects/projects.js,92,js,4739cb3b,hserykava,2025-05-02,23:25:33,-07:00,2025-05-02T23:25:33-07:00,0,26
projects/projects.js,93,js,bfe7a719,hserykava,2025-05-02,23:44:07,-07:00,2025-05-02T23:44:07-07:00,0,0
projects/projects.js,94,js,bfe7a719,hserykava,2025-05-02,23:44:07,-07:00,2025-05-02T23:44:07-07:00,0,12
projects/projects.js,95,js,bfe7a719,hserykava,2025-05-02,23:44:07,-07:00,2025-05-02T23:44:07-07:00,0,26
projects/projects.js,96,js,bfe7a719,hserykava,2025-05-02,23:44:07,-07:00,2025-05-02T23:44:07-07:00,0,32
projects/projects.js,97,js,bfe7a719,hserykava,2025-05-02,23:44:07,-07:00,2025-05-02T23:44:07-07:00,0,7
projects/projects.js,98,js,bfe7a719,hserykava,2025-05-02,23:44:07,-07:00,2025-05-02T23:44:07-07:00,0,67
projects/projects.js,99,js,bfe7a719,hserykava,2025-05-02,23:44:07,-07:00,2025-05-02T23:44:07-07:00,0,49
projects/projects.js,100,js,bfe7a719,hserykava,2025-05-02,23:44:07,-07:00,2025-05-02T23:44:07-07:00,0,30
projects/projects.js,101,js,bfe7a719,hserykava,2025-05-02,23:44:07,-07:00,2025-05-02T23:44:07-07:00,0,25
projects/projects.js,102,js,bfe7a719,hserykava,2025-05-02,23:44:07,-07:00,2025-05-02T23:44:07-07:00,0,70
projects/projects.js,103,js,bfe7a719,hserykava,2025-05-02,23:44:07,-07:00,2025-05-02T23:44:07-07:00,0,1
projects/projects.js,104,js,bfe7a719,hserykava,2025-05-02,23:44:07,-07:00,2025-05-02T23:44:07-07:00,0,0
projects/projects.js,105,js,4739cb3b,hserykava,2025-05-02,23:25:33,-07:00,2025-05-02T23:25:33-07:00,0,0
projects/projects.js,106,js,4739cb3b,hserykava,2025-05-02,23:25:33,-07:00,2025-05-02T23:25:33-07:00,0,49
projects/projects.js,107,js,0021da39,hserykava,2025-05-02,22:48:58,-07:00,2025-05-02T22:48:58-07:00,0,2
projects/index.html,1,html,a036c3ce,hserykava,2025-04-04,23:26:33,-07:00,2025-04-04T23:26:33-07:00,0,14
projects/index.html,2,html,a036c3ce,hserykava,2025-04-04,23:26:33,-07:00,2025-04-04T23:26:33-07:00,0,15
projects/index.html,3,html,a036c3ce,hserykava,2025-04-04,23:26:33,-07:00,2025-04-04T23:26:33-07:00,0,5
projects/index.html,4,html,a036c3ce,hserykava,2025-04-04,23:26:33,-07:00,2025-04-04T23:26:33-07:00,0,21
projects/index.html,5,html,a036c3ce,hserykava,2025-04-04,23:26:33,-07:00,2025-04-04T23:26:33-07:00,0,22
projects/index.html,6,html,a036c3ce,hserykava,2025-04-04,23:26:33,-07:00,2025-04-04T23:26:33-07:00,0,42
projects/index.html,7,html,a036c3ce,hserykava,2025-04-04,23:26:33,-07:00,2025-04-04T23:26:33-07:00,0,6
projects/index.html,8,html,a036c3ce,hserykava,2025-04-04,23:26:33,-07:00,2025-04-04T23:26:33-07:00,0,5
projects/index.html,9,html,2ee14497,hserykava,2025-05-02,22:56:01,-07:00,2025-05-02T22:56:01-07:00,0,0
projects/index.html,10,html,2ee14497,hserykava,2025-05-02,22:56:01,-07:00,2025-05-02T22:56:01-07:00,0,0
projects/index.html,11,html,2ee14497,hserykava,2025-05-02,22:56:01,-07:00,2025-05-02T22:56:01-07:00,0,53
projects/index.html,12,html,2ee14497,hserykava,2025-05-02,22:56:01,-07:00,2025-05-02T22:56:01-07:00,0,0
projects/index.html,13,html,4b129565,hserykava,2025-05-02,22:16:05,-07:00,2025-05-02T22:16:05-07:00,0,22
projects/index.html,14,html,4b129565,hserykava,2025-05-02,22:16:05,-07:00,2025-05-02T22:16:05-07:00,0,55
projects/index.html,15,html,4b129565,hserykava,2025-05-02,22:16:05,-07:00,2025-05-02T22:16:05-07:00,0,23
projects/index.html,16,html,4b129565,hserykava,2025-05-02,22:16:05,-07:00,2025-05-02T22:16:05-07:00,0,5
projects/index.html,17,html,4b129565,hserykava,2025-05-02,22:16:05,-07:00,2025-05-02T22:16:05-07:00,0,0
projects/index.html,18,html,e79047e1,hserykava,2025-05-02,22:39:38,-07:00,2025-05-02T22:39:38-07:00,0,5
projects/index.html,19,html,2ee14497,hserykava,2025-05-02,22:56:01,-07:00,2025-05-02T22:56:01-07:00,0,16
projects/index.html,20,html,2ee14497,hserykava,2025-05-02,22:56:01,-07:00,2025-05-02T22:56:01-07:00,0,12
projects/index.html,21,html,2ee14497,hserykava,2025-05-02,22:56:01,-07:00,2025-05-02T22:56:01-07:00,0,27
projects/index.html,22,html,2ee14497,hserykava,2025-05-02,22:56:01,-07:00,2025-05-02T22:56:01-07:00,0,32
projects/index.html,23,html,e79047e1,hserykava,2025-05-02,22:39:38,-07:00,2025-05-02T22:39:38-07:00,0,1
projects/index.html,24,html,2ee14497,hserykava,2025-05-02,22:56:01,-07:00,2025-05-02T22:56:01-07:00,0,0
projects/index.html,25,html,2ee14497,hserykava,2025-05-02,22:56:01,-07:00,2025-05-02T22:56:01-07:00,0,27
projects/index.html,26,html,4b129565,hserykava,2025-05-02,22:16:05,-07:00,2025-05-02T22:16:05-07:00,0,0
projects/index.html,27,html,d9a3c6dd,hserykava,2025-04-18,19:22:50,-07:00,2025-04-18T19:22:50-07:00,0,49
projects/index.html,28,html,fb9e4330,hserykava,2025-04-25,18:34:21,-07:00,2025-04-25T18:34:21-07:00,0,48
projects/index.html,29,html,a036c3ce,hserykava,2025-04-04,23:26:33,-07:00,2025-04-04T23:26:33-07:00,0,6
projects/index.html,30,html,a036c3ce,hserykava,2025-04-04,23:26:33,-07:00,2025-04-04T23:26:33-07:00,0,6
meta/index.html,1,html,f1013849,hserykava,2025-05-10,16:21:04,-07:00,2025-05-10T16:21:04-07:00,0,14
meta/index.html,2,html,f1013849,hserykava,2025-05-10,16:21:04,-07:00,2025-05-10T16:21:04-07:00,0,15
meta/index.html,3,html,f1013849,hserykava,2025-05-10,16:21:04,-07:00,2025-05-10T16:21:04-07:00,0,5
meta/index.html,4,html,f1013849,hserykava,2025-05-10,16:21:04,-07:00,2025-05-10T16:21:04-07:00,0,21
meta/index.html,5,html,f1013849,hserykava,2025-05-10,16:21:04,-07:00,2025-05-10T16:21:04-07:00,0,18
meta/index.html,6,html,f1013849,hserykava,2025-05-10,16:21:04,-07:00,2025-05-10T16:21:04-07:00,0,42
meta/index.html,7,html,f1013849,hserykava,2025-05-10,16:21:04,-07:00,2025-05-10T16:21:04-07:00,0,6
meta/index.html,8,html,f1013849,hserykava,2025-05-10,16:21:04,-07:00,2025-05-10T16:21:04-07:00,0,5
meta/index.html,9,html,f1013849,hserykava,2025-05-10,16:21:04,-07:00,2025-05-10T16:21:04-07:00,0,12
meta/index.html,10,html,f1013849,hserykava,2025-05-10,16:21:04,-07:00,2025-05-10T16:21:04-07:00,0,62
meta/index.html,11,html,f1013849,hserykava,2025-05-10,16:21:04,-07:00,2025-05-10T16:21:04-07:00,0,6
meta/index.html,12,html,f1013849,hserykava,2025-05-10,16:21:04,-07:00,2025-05-10T16:21:04-07:00,0,6
contact/index.html,1,html,a036c3ce,hserykava,2025-04-04,23:26:33,-07:00,2025-04-04T23:26:33-07:00,0,14
contact/index.html,2,html,a036c3ce,hserykava,2025-04-04,23:26:33,-07:00,2025-04-04T23:26:33-07:00,0,15
contact/index.html,3,html,a036c3ce,hserykava,2025-04-04,23:26:33,-07:00,2025-04-04T23:26:33-07:00,0,5
contact/index.html,4,html,a036c3ce,hserykava,2025-04-04,23:26:33,-07:00,2025-04-04T23:26:33-07:00,0,21
contact/index.html,5,html,a036c3ce,hserykava,2025-04-04,23:26:33,-07:00,2025-04-04T23:26:33-07:00,0,24
contact/index.html,6,html,a036c3ce,hserykava,2025-04-04,23:26:33,-07:00,2025-04-04T23:26:33-07:00,0,42
contact/index.html,7,html,a036c3ce,hserykava,2025-04-04,23:26:33,-07:00,2025-04-04T23:26:33-07:00,0,6
contact/index.html,8,html,a036c3ce,hserykava,2025-04-04,23:26:33,-07:00,2025-04-04T23:26:33-07:00,0,5
contact/index.html,9,html,525199b7,hserykava,2025-04-12,21:24:55,-07:00,2025-04-12T21:24:55-07:00,0,15
contact/index.html,10,html,525199b7,hserykava,2025-04-12,21:24:55,-07:00,2025-04-12T21:24:55-07:00,0,45
contact/index.html,11,html,38c97f99,hserykava,2025-04-04,23:34:43,-07:00,2025-04-04T23:34:43-07:00,0,75
contact/index.html,12,html,38c97f99,hserykava,2025-04-04,23:34:43,-07:00,2025-04-04T23:34:43-07:00,0,6
contact/index.html,13,html,38c97f99,hserykava,2025-04-04,23:34:43,-07:00,2025-04-04T23:34:43-07:00,0,5
contact/index.html,14,html,38c97f99,hserykava,2025-04-04,23:34:43,-07:00,2025-04-04T23:34:43-07:00,0,32
contact/index.html,15,html,38c97f99,hserykava,2025-04-04,23:34:43,-07:00,2025-04-04T23:34:43-07:00,0,7
contact/index.html,16,html,38c97f99,hserykava,2025-04-04,23:34:43,-07:00,2025-04-04T23:34:43-07:00,0,3
contact/index.html,17,html,38c97f99,hserykava,2025-04-04,23:34:43,-07:00,2025-04-04T23:34:43-07:00,0,0
contact/index.html,18,html,38c97f99,hserykava,2025-04-04,23:34:43,-07:00,2025-04-04T23:34:43-07:00,0,6
contact/index.html,19,html,38c97f99,hserykava,2025-04-04,23:34:43,-07:00,2025-04-04T23:34:43-07:00,0,7
contact/index.html,20,html,38c97f99,hserykava,2025-04-04,23:34:43,-07:00,2025-04-04T23:34:43-07:00,0,21
contact/index.html,21,html,38c97f99,hserykava,2025-04-04,23:34:43,-07:00,2025-04-04T23:34:43-07:00,0,7
contact/index.html,22,html,38c97f99,hserykava,2025-04-04,23:34:43,-07:00,2025-04-04T23:34:43-07:00,0,3
contact/index.html,23,html,38c97f99,hserykava,2025-04-04,23:34:43,-07:00,2025-04-04T23:34:43-07:00,0,0
contact/index.html,24,html,38c97f99,hserykava,2025-04-04,23:34:43,-07:00,2025-04-04T23:34:43-07:00,0,6
contact/index.html,25,html,38c97f99,hserykava,2025-04-04,23:34:43,-07:00,2025-04-04T23:34:43-07:00,0,4
contact/index.html,26,html,38c97f99,hserykava,2025-04-04,23:34:43,-07:00,2025-04-04T23:34:43-07:00,0,32
contact/index.html,27,html,38c97f99,hserykava,2025-04-04,23:34:43,-07:00,2025-04-04T23:34:43-07:00,0,7
contact/index.html,28,html,38c97f99,hserykava,2025-04-04,23:34:43,-07:00,2025-04-04T23:34:43-07:00,0,3
contact/index.html,29,html,38c97f99,hserykava,2025-04-04,23:34:43,-07:00,2025-04-04T23:34:43-07:00,0,0
contact/index.html,30,html,38c97f99,hserykava,2025-04-04,23:34:43,-07:00,2025-04-04T23:34:43-07:00,0,20
contact/index.html,31,html,38c97f99,hserykava,2025-04-04,23:34:43,-07:00,2025-04-04T23:34:43-07:00,0,6
contact/index.html,32,html,d9a3c6dd,hserykava,2025-04-18,19:22:50,-07:00,2025-04-18T19:22:50-07:00,0,49
contact/index.html,33,html,a036c3ce,hserykava,2025-04-04,23:26:33,-07:00,2025-04-04T23:26:33-07:00,0,6
contact/index.html,34,html,88c53862,hserykava,2025-04-05,19:54:21,-07:00,2025-04-05T19:54:21-07:00,0,6
